id_contacto,nombre,primer_apellido,segundo_apellido,email,telefono
1,Erick,Gutierrez,Hernandez,eric@gmail.com,7743112311
2,Shulk,pepe,pepe,buster@gmail.com,1234567890
3,jair,Vazuez,cordero,atds@gmail.com,7756782345
4,elpepe,sech,sech,esomichin@gmal.com,1234567890
5,melia,antiqua,xDDD,anticua@gmail.com,1234567890
6,carlos,Hernandez,hernan,carlos@gmail.com,7752363991
7,sss,asdasd,asdagdfsg,asdasd@gmail.com,1234123423
8,apocosi,tilin,apocosi,apocosi@email.com,1231412432
23,carlos,hernandez,vazquez,carlostroll31@gmail.com,1234567890
